name,rate,location,category,info_link,cover_link
肖申克的救赎,9.6,美国,悬疑,https://movie.douban.com/subject/1292052/,https://img3.doubanio.com/view/photo/s_ratio_poster/public/p480747492.jpg
控方证人,9.6,美国,悬疑,https://movie.douban.com/subject/1296141/,https://img1.doubanio.com/view/photo/s_ratio_poster/public/p1505392928.jpg
怪诞小镇特别篇：松林之间,9.5,美国,悬疑,https://movie.douban.com/subject/26744258/,https://img3.doubanio.com/view/photo/s_ratio_poster/public/p2324315416.jpg
十二怒汉,9.4,美国,悬疑,https://movie.douban.com/subject/1293182/,https://img3.doubanio.com/view/photo/s_ratio_poster/public/p2173577632.jpg
十二怒汉,9.4,美国,悬疑,https://movie.douban.com/subject/10583098/,https://img3.doubanio.com/view/photo/s_ratio_poster/public/p2153875961.jpg
控方证人,9.4,美国,悬疑,https://movie.douban.com/subject/5294851/,https://img3.doubanio.com/view/photo/s_ratio_poster/public/p2367853261.jpg
疑犯追踪 试播集,9.4,美国,悬疑,https://movie.douban.com/subject/24700683/,https://img1.doubanio.com/view/photo/s_ratio_poster/public/p1974739828.jpg
盗梦空间,9.3,美国,悬疑,https://movie.douban.com/subject/3541415/,https://img3.doubanio.com/view/photo/s_ratio_poster/public/p513344864.jpg
星际穿越,9.1,美国,悬疑,https://movie.douban.com/subject/1889243/,https://img3.doubanio.com/view/photo/s_ratio_poster/public/p2206088801.jpg
两杆大烟枪,9.1,美国,悬疑,https://movie.douban.com/subject/1293350/,https://img1.doubanio.com/view/photo/s_ratio_poster/public/p792443418.jpg
小丘月圆,9.1,美国,悬疑,https://movie.douban.com/subject/1302752/,https://img3.doubanio.com/view/photo/s_ratio_poster/public/p2334104591.jpg
"""The X Files""  Season 2, Episode 25: Anasazi",9.0,美国,悬疑,https://movie.douban.com/subject/2997258/,https://img3.doubanio.com/lpic/s4709641.jpg
蝙蝠侠：黑暗骑士,9.0,美国,悬疑,https://movie.douban.com/subject/1851857/,https://img3.doubanio.com/view/photo/s_ratio_poster/public/p462657443.jpg
"""The X Files"" Season 2, Episode 5: Duane Barry",9.0,美国,悬疑,https://movie.douban.com/subject/2997236/,https://img3.doubanio.com/lpic/s2977060.jpg
新推理探案3,9.0,美国,悬疑,https://movie.douban.com/subject/2150270/,https://img1.doubanio.com/lpic/s25452929.jpg
夺命夏娃,9.0,美国,悬疑,https://movie.douban.com/subject/2045891/,https://img3.doubanio.com/view/photo/s_ratio_poster/public/p1257593265.jpg
无间道,9.0,香港,悬疑,https://movie.douban.com/subject/1307914/,https://img3.doubanio.com/view/photo/s_ratio_poster/public/p2233971046.jpg
新世纪福音战士剧场版：死与新生,9.2,日本,悬疑,https://movie.douban.com/subject/1455442/,https://img3.doubanio.com/view/photo/s_ratio_poster/public/p2250120322.jpg
空之境界 第五章 矛盾螺旋,9.3,日本,悬疑,https://movie.douban.com/subject/3187790/,https://img3.doubanio.com/view/photo/s_ratio_poster/public/p2194403556.jpg
命运石之门：横行跋扈的浪荡之徒,9.1,日本,悬疑,https://movie.douban.com/subject/10521690/,https://img3.doubanio.com/view/photo/s_ratio_poster/public/p1432532161.jpg
空之境界 未来福音,9.1,日本,悬疑,https://movie.douban.com/subject/11499092/,https://img1.doubanio.com/view/photo/s_ratio_poster/public/p2037135869.jpg
攻壳机动队SAC：笑面男,9.1,日本,悬疑,https://movie.douban.com/subject/2078804/,https://img1.doubanio.com/view/photo/s_ratio_poster/public/p2207164758.jpg
空之境界 第七章 杀人考察（后）,9.0,日本,悬疑,https://movie.douban.com/subject/3399553/,https://img3.doubanio.com/view/photo/s_ratio_poster/public/p2202703811.jpg
古畑任三郎完结篇 重生之死,9.0,日本,悬疑,https://movie.douban.com/subject/10558405/,https://img1.doubanio.com/view/photo/s_ratio_poster/public/p2155138409.jpg
古畑任三郎 最后之舞,9.0,日本,悬疑,https://movie.douban.com/subject/10558406/,https://img3.doubanio.com/view/photo/s_ratio_poster/public/p2155138955.jpg
控方证人,9.4,英国,悬疑,https://movie.douban.com/subject/5294851/,https://img3.doubanio.com/view/photo/s_ratio_poster/public/p2367853261.jpg
临终的侦探,9.4,英国,悬疑,https://movie.douban.com/subject/3676944/,https://img1.doubanio.com/view/photo/s_ratio_poster/public/p2174094938.jpg
盗梦空间,9.3,英国,悬疑,https://movie.douban.com/subject/3541415/,https://img3.doubanio.com/view/photo/s_ratio_poster/public/p513344864.jpg
斑点带子案,9.2,英国,悬疑,https://movie.douban.com/subject/3231171/,https://img3.doubanio.com/view/photo/s_ratio_poster/public/p1779190432.jpg
最后一案,9.2,英国,悬疑,https://movie.douban.com/subject/3603187/,https://img1.doubanio.com/view/photo/s_ratio_poster/public/p2400689858.jpg
红发会,9.2,英国,悬疑,https://movie.douban.com/subject/3603181/,https://img1.doubanio.com/view/photo/s_ratio_poster/public/p1776714388.jpg
诺伍德的建筑师,9.2,英国,悬疑,https://movie.douban.com/subject/3603169/,https://img3.doubanio.com/view/photo/s_ratio_poster/public/p578360813.jpg
住院的病人,9.2,英国,悬疑,https://movie.douban.com/subject/3603173/,https://img1.doubanio.com/view/photo/s_ratio_poster/public/p499779719.jpg
空屋,9.2,英国,悬疑,https://movie.douban.com/subject/3603208/,https://img3.doubanio.com/view/photo/s_ratio_poster/public/p1998652801.jpg
马斯格雷夫典礼,9.2,英国,悬疑,https://movie.douban.com/subject/3607017/,https://img1.doubanio.com/view/photo/s_ratio_poster/public/p2496521879.jpg
帷幕：波洛的最后一案,9.2,英国,悬疑,https://movie.douban.com/subject/25892252/,https://img1.doubanio.com/view/photo/s_ratio_poster/public/p2184353409.jpg
布鲁斯—帕廷顿计划,9.2,英国,悬疑,https://movie.douban.com/subject/3607057/,https://img3.doubanio.com/view/photo/s_ratio_poster/public/p2173230213.jpg
爬行人,9.2,英国,悬疑,https://movie.douban.com/subject/3676858/,https://img1.doubanio.com/view/photo/s_ratio_poster/public/p2169026908.jpg
显贵的主顾,9.2,英国,悬疑,https://movie.douban.com/subject/3676849/,https://img3.doubanio.com/view/photo/s_ratio_poster/public/p2173647630.jpg
王冠宝石案,9.2,英国,悬疑,https://movie.douban.com/subject/3712239/,https://img3.doubanio.com/view/photo/s_ratio_poster/public/p2174237205.jpg
星际穿越,9.1,英国,悬疑,https://movie.douban.com/subject/1889243/,https://img3.doubanio.com/view/photo/s_ratio_poster/public/p2206088801.jpg
两杆大烟枪,9.1,英国,悬疑,https://movie.douban.com/subject/1293350/,https://img1.doubanio.com/view/photo/s_ratio_poster/public/p792443418.jpg
黑镜：圣诞特别篇,9.1,英国,悬疑,https://movie.douban.com/subject/25964630/,https://img3.doubanio.com/view/photo/s_ratio_poster/public/p2233676442.jpg
第二块血迹,9.1,英国,悬疑,https://movie.douban.com/subject/3607018/,https://img3.doubanio.com/view/photo/s_ratio_poster/public/p2231929734.jpg
六座拿破仑半身像,9.1,英国,悬疑,https://movie.douban.com/subject/3607036/,https://img3.doubanio.com/view/photo/s_ratio_poster/public/p2173095745.jpg
歪唇男人,9.1,英国,悬疑,https://movie.douban.com/subject/3607022/,https://img3.doubanio.com/view/photo/s_ratio_poster/public/p2174386104.jpg
魔鬼之足,9.1,英国,悬疑,https://movie.douban.com/subject/3607038/,https://img3.doubanio.com/view/photo/s_ratio_poster/public/p2176270423.jpg
银色马,9.1,英国,悬疑,https://movie.douban.com/subject/3607042/,https://img3.doubanio.com/view/photo/s_ratio_poster/public/p2184889394.jpg
博斯科姆比溪谷秘案,9.1,英国,悬疑,https://movie.douban.com/subject/3630749/,https://img1.doubanio.com/view/photo/s_ratio_poster/public/p2403655957.jpg
弗朗西丝·卡法克斯女士的失踪,9.1,英国,悬疑,https://movie.douban.com/subject/3610756/,https://img3.doubanio.com/view/photo/s_ratio_poster/public/p2509534726.jpg
三角墙山庄,9.1,英国,悬疑,https://movie.douban.com/subject/3676930/,https://img3.doubanio.com/view/photo/s_ratio_poster/public/p1565210881.jpg
硬纸盒子,9.1,英国,悬疑,https://movie.douban.com/subject/3712242/,https://img3.doubanio.com/view/photo/s_ratio_poster/public/p2509534531.jpg
反叛的童谣,9.1,英国,悬疑,https://movie.douban.com/subject/27073245/,https://img3.doubanio.com/view/photo/s_ratio_poster/public/p2507016491.jpg
歌唱神探,9.1,英国,悬疑,https://movie.douban.com/subject/1499667/,https://img3.doubanio.com/lpic/s4178164.jpg
蝙蝠侠：黑暗骑士,9.0,英国,悬疑,https://movie.douban.com/subject/1851857/,https://img3.doubanio.com/view/photo/s_ratio_poster/public/p462657443.jpg
神探夏洛克：福至如归,9.0,英国,悬疑,https://movie.douban.com/subject/25798411/,https://img3.doubanio.com/view/photo/s_ratio_poster/public/p2412522760.jpg
福尔摩斯：跳舞的人,9.0,英国,悬疑,https://movie.douban.com/subject/3230514/,https://img3.doubanio.com/view/photo/s_ratio_poster/public/p2227698244.jpg
四签名,9.0,英国,悬疑,https://movie.douban.com/subject/3130431/,https://img3.doubanio.com/view/photo/s_ratio_poster/public/p659862480.jpg
格兰其庄园,9.0,英国,悬疑,https://movie.douban.com/subject/3603220/,https://img3.doubanio.com/view/photo/s_ratio_poster/public/p1079291605.jpg
雷神桥之谜,9.0,英国,悬疑,https://movie.douban.com/subject/3610794/,https://img3.doubanio.com/view/photo/s_ratio_poster/public/p903077754.jpg
威斯特里亚寓所,9.0,英国,悬疑,https://movie.douban.com/subject/3607054/,https://img3.doubanio.com/view/photo/s_ratio_poster/public/p2500931722.jpg
红圈会,9.0,英国,悬疑,https://movie.douban.com/subject/3711737/,https://img3.doubanio.com/view/photo/s_ratio_poster/public/p2174237041.jpg
神秘博士：2017圣诞特别篇,8.2,英国,悬疑,https://movie.douban.com/subject/27064700/,https://img1.doubanio.com/view/photo/s_ratio_poster/public/p2508153147.jpg
魔咒,9.0,英国,悬疑,https://movie.douban.com/subject/25760463/,https://img1.doubanio.com/view/photo/s_ratio_poster/public/p2159761578.jpg
调音师,9.2,法国,悬疑,https://movie.douban.com/subject/6846495/,https://img1.doubanio.com/view/photo/s_ratio_poster/public/p1529066859.jpg
洞,9.2,法国,悬疑,https://movie.douban.com/subject/1424334/,https://img3.doubanio.com/view/photo/s_ratio_poster/public/p1184780820.jpg
精神分裂症,9.0,法国,悬疑,https://movie.douban.com/subject/3262918/,https://img3.doubanio.com/view/photo/s_ratio_poster/public/p857148064.jpg
窃听风暴,9.1,德国,悬疑,https://movie.douban.com/subject/1900841/,https://img1.doubanio.com/view/photo/s_ratio_poster/public/p1808872109.jpg
洞,9.2,意大利,悬疑,https://movie.douban.com/subject/1424334/,https://img3.doubanio.com/view/photo/s_ratio_poster/public/p1184780820.jpg
星际穿越,9.1,加拿大,悬疑,https://movie.douban.com/subject/1889243/,https://img3.doubanio.com/view/photo/s_ratio_poster/public/p2206088801.jpg
小丘月圆,9.1,加拿大,悬疑,https://movie.douban.com/subject/1302752/,https://img3.doubanio.com/view/photo/s_ratio_poster/public/p2334104591.jpg
负重前行,9.0,澳大利亚,悬疑,https://movie.douban.com/subject/26793157/,https://img1.doubanio.com/view/photo/s_ratio_poster/public/p2495304867.jpg
狩猎,9.0,瑞典,悬疑,https://movie.douban.com/subject/6985810/,https://img1.doubanio.com/view/photo/s_ratio_poster/public/p1546987967.jpg
狩猎,9.0,丹麦,悬疑,https://movie.douban.com/subject/6985810/,https://img1.doubanio.com/view/photo/s_ratio_poster/public/p1546987967.jpg
绝不松开我的拳头,9.0,大陆,犯罪,https://movie.douban.com/subject/26199883/,https://img1.doubanio.com/view/photo/s_ratio_poster/public/p2207905589.jpg
肖申克的救赎,9.6,美国,犯罪,https://movie.douban.com/subject/1292052/,https://img3.doubanio.com/view/photo/s_ratio_poster/public/p480747492.jpg
控方证人,9.6,美国,犯罪,https://movie.douban.com/subject/1296141/,https://img1.doubanio.com/view/photo/s_ratio_poster/public/p1505392928.jpg
美国法医档案,9.5,美国,犯罪,https://movie.douban.com/subject/3872009/,https://img3.doubanio.com/view/photo/s_ratio_poster/public/p2355646286.jpg
十二怒汉,9.4,美国,犯罪,https://movie.douban.com/subject/1293182/,https://img3.doubanio.com/view/photo/s_ratio_poster/public/p2173577632.jpg
十二怒汉,9.4,美国,犯罪,https://movie.douban.com/subject/10583098/,https://img3.doubanio.com/view/photo/s_ratio_poster/public/p2153875961.jpg
控方证人,9.4,美国,犯罪,https://movie.douban.com/subject/5294851/,https://img3.doubanio.com/view/photo/s_ratio_poster/public/p2367853261.jpg
疑犯追踪 试播集,9.4,美国,犯罪,https://movie.douban.com/subject/24700683/,https://img1.doubanio.com/view/photo/s_ratio_poster/public/p1974739828.jpg
盗梦空间,9.3,美国,犯罪,https://movie.douban.com/subject/3541415/,https://img3.doubanio.com/view/photo/s_ratio_poster/public/p513344864.jpg
The Smashing Pumpkins: 1991-2000 Greatest Hits Video Collection,9.3,美国,犯罪,https://movie.douban.com/subject/2074837/,https://img3.doubanio.com/lpic/s2629052.jpg
教父,9.2,美国,犯罪,https://movie.douban.com/subject/1291841/,https://img3.doubanio.com/view/photo/s_ratio_poster/public/p2190556185.jpg
同行：奥兰多特别篇,9.2,美国,犯罪,https://movie.douban.com/subject/26878436/,https://img3.doubanio.com/view/photo/s_ratio_poster/public/p2494282754.jpg
天旋地转,9.2,美国,犯罪,https://movie.douban.com/subject/5150857/,https://img1.doubanio.com/view/photo/s_ratio_poster/public/p1656099587.jpg
两杆大烟枪,9.1,美国,犯罪,https://movie.douban.com/subject/1293350/,https://img1.doubanio.com/view/photo/s_ratio_poster/public/p792443418.jpg
教父2,9.1,美国,犯罪,https://movie.douban.com/subject/1299131/,https://img1.doubanio.com/view/photo/s_ratio_poster/public/p2194138787.jpg
美国往事,9.1,美国,犯罪,https://movie.douban.com/subject/1292262/,https://img1.doubanio.com/view/photo/s_ratio_poster/public/p477229647.jpg
互联网之子,9.1,美国,犯罪,https://movie.douban.com/subject/25785114/,https://img3.doubanio.com/view/photo/s_ratio_poster/public/p2166127561.jpg
虎王归来,9.2,美国,犯罪,https://movie.douban.com/subject/24849943/,https://img3.doubanio.com/view/photo/s_ratio_poster/public/p2029447346.jpg
蝙蝠侠：黑暗骑士,9.0,美国,犯罪,https://movie.douban.com/subject/1851857/,https://img3.doubanio.com/view/photo/s_ratio_poster/public/p462657443.jpg
完美的世界,9.0,美国,犯罪,https://movie.douban.com/subject/1300992/,https://img3.doubanio.com/view/photo/s_ratio_poster/public/p792403691.jpg
新推理探案3,9.0,美国,犯罪,https://movie.douban.com/subject/2150270/,https://img1.doubanio.com/lpic/s25452929.jpg
透视9/11,9.1,美国,犯罪,https://movie.douban.com/subject/2226683/,https://img3.doubanio.com/lpic/s3837343.jpg
无间道,9.0,香港,犯罪,https://movie.douban.com/subject/1307914/,https://img3.doubanio.com/view/photo/s_ratio_poster/public/p2233971046.jpg
上海滩,9.0,香港,犯罪,https://movie.douban.com/subject/6311260/,https://img3.doubanio.com/view/photo/s_ratio_poster/public/p2344833803.jpg
攻壳机动队SAC 2nd GIG：个别的十一人,9.2,日本,犯罪,https://movie.douban.com/subject/2352020/,https://img3.doubanio.com/view/photo/s_ratio_poster/public/p2497028401.jpg
空之境界 未来福音,9.1,日本,犯罪,https://movie.douban.com/subject/11499092/,https://img1.doubanio.com/view/photo/s_ratio_poster/public/p2037135869.jpg
攻壳机动队SAC：笑面男,9.1,日本,犯罪,https://movie.douban.com/subject/2078804/,https://img1.doubanio.com/view/photo/s_ratio_poster/public/p2207164758.jpg
古畑任三郎完结篇 重生之死,9.0,日本,犯罪,https://movie.douban.com/subject/10558405/,https://img1.doubanio.com/view/photo/s_ratio_poster/public/p2155138409.jpg
古畑任三郎 最后之舞,9.0,日本,犯罪,https://movie.douban.com/subject/10558406/,https://img3.doubanio.com/view/photo/s_ratio_poster/public/p2155138955.jpg
徐谐仁短片“午夜出租车”,,韩国,犯罪,https://movie.douban.com/subject/25960901/,https://img3.doubanio.com/view/photo/s_ratio_poster/public/p2196186376.jpg
辩护人,9.1,韩国,犯罪,https://movie.douban.com/subject/21937445/,https://img3.doubanio.com/view/photo/s_ratio_poster/public/p2158166535.jpg
素媛,9.1,韩国,犯罪,https://movie.douban.com/subject/21937452/,https://img3.doubanio.com/view/photo/s_ratio_poster/public/p2118532944.jpg
出租车司机冒险记,9.2,韩国,犯罪,https://movie.douban.com/subject/4705150/,https://img3.doubanio.com/view/photo/s_ratio_poster/public/p2502580762.jpg
深湖,9.5,英国,犯罪,https://movie.douban.com/subject/26312993/,https://img3.doubanio.com/view/photo/s_ratio_poster/public/p2224213905.jpg
控方证人,9.4,英国,犯罪,https://movie.douban.com/subject/5294851/,https://img3.doubanio.com/view/photo/s_ratio_poster/public/p2367853261.jpg
临终的侦探,9.4,英国,犯罪,https://movie.douban.com/subject/3676944/,https://img1.doubanio.com/view/photo/s_ratio_poster/public/p2174094938.jpg
盗梦空间,9.3,英国,犯罪,https://movie.douban.com/subject/3541415/,https://img3.doubanio.com/view/photo/s_ratio_poster/public/p513344864.jpg
斑点带子案,9.2,英国,犯罪,https://movie.douban.com/subject/3231171/,https://img3.doubanio.com/view/photo/s_ratio_poster/public/p1779190432.jpg
最后一案,9.2,英国,犯罪,https://movie.douban.com/subject/3603187/,https://img1.doubanio.com/view/photo/s_ratio_poster/public/p2400689858.jpg
红发会,9.2,英国,犯罪,https://movie.douban.com/subject/3603181/,https://img1.doubanio.com/view/photo/s_ratio_poster/public/p1776714388.jpg
诺伍德的建筑师,9.2,英国,犯罪,https://movie.douban.com/subject/3603169/,https://img3.doubanio.com/view/photo/s_ratio_poster/public/p578360813.jpg
住院的病人,9.2,英国,犯罪,https://movie.douban.com/subject/3603173/,https://img1.doubanio.com/view/photo/s_ratio_poster/public/p499779719.jpg
空屋,9.2,英国,犯罪,https://movie.douban.com/subject/3603208/,https://img3.doubanio.com/view/photo/s_ratio_poster/public/p1998652801.jpg
马斯格雷夫典礼,9.2,英国,犯罪,https://movie.douban.com/subject/3607017/,https://img1.doubanio.com/view/photo/s_ratio_poster/public/p2496521879.jpg
帷幕：波洛的最后一案,9.2,英国,犯罪,https://movie.douban.com/subject/25892252/,https://img1.doubanio.com/view/photo/s_ratio_poster/public/p2184353409.jpg
布鲁斯—帕廷顿计划,9.2,英国,犯罪,https://movie.douban.com/subject/3607057/,https://img3.doubanio.com/view/photo/s_ratio_poster/public/p2173230213.jpg
爬行人,9.2,英国,犯罪,https://movie.douban.com/subject/3676858/,https://img1.doubanio.com/view/photo/s_ratio_poster/public/p2169026908.jpg
显贵的主顾,9.2,英国,犯罪,https://movie.douban.com/subject/3676849/,https://img3.doubanio.com/view/photo/s_ratio_poster/public/p2173647630.jpg
王冠宝石案,9.2,英国,犯罪,https://movie.douban.com/subject/3712239/,https://img3.doubanio.com/view/photo/s_ratio_poster/public/p2174237205.jpg
Derren Brown : Infamous,9.2,英国,犯罪,https://movie.douban.com/subject/26358768/,https://img3.doubanio.com/view/photo/s_ratio_poster/public/p2350835566.jpg
大卫·苏切特的东方快车之旅,9.1,英国,犯罪,https://movie.douban.com/subject/5963754/,https://img3.doubanio.com/view/photo/s_ratio_poster/public/p2171210961.jpg
两杆大烟枪,9.1,英国,犯罪,https://movie.douban.com/subject/1293350/,https://img1.doubanio.com/view/photo/s_ratio_poster/public/p792443418.jpg
第二块血迹,9.1,英国,犯罪,https://movie.douban.com/subject/3607018/,https://img3.doubanio.com/view/photo/s_ratio_poster/public/p2231929734.jpg
六座拿破仑半身像,9.1,英国,犯罪,https://movie.douban.com/subject/3607036/,https://img3.doubanio.com/view/photo/s_ratio_poster/public/p2173095745.jpg
歪唇男人,9.1,英国,犯罪,https://movie.douban.com/subject/3607022/,https://img3.doubanio.com/view/photo/s_ratio_poster/public/p2174386104.jpg
魔鬼之足,9.1,英国,犯罪,https://movie.douban.com/subject/3607038/,https://img3.doubanio.com/view/photo/s_ratio_poster/public/p2176270423.jpg
银色马,9.1,英国,犯罪,https://movie.douban.com/subject/3607042/,https://img3.doubanio.com/view/photo/s_ratio_poster/public/p2184889394.jpg
博斯科姆比溪谷秘案,9.1,英国,犯罪,https://movie.douban.com/subject/3630749/,https://img1.doubanio.com/view/photo/s_ratio_poster/public/p2403655957.jpg
弗朗西丝·卡法克斯女士的失踪,9.1,英国,犯罪,https://movie.douban.com/subject/3610756/,https://img3.doubanio.com/view/photo/s_ratio_poster/public/p2509534726.jpg
三角墙山庄,9.1,英国,犯罪,https://movie.douban.com/subject/3676930/,https://img3.doubanio.com/view/photo/s_ratio_poster/public/p1565210881.jpg
硬纸盒子,9.1,英国,犯罪,https://movie.douban.com/subject/3712242/,https://img3.doubanio.com/view/photo/s_ratio_poster/public/p2509534531.jpg
出租车司机冒险记,9.2,英国,犯罪,https://movie.douban.com/subject/4705150/,https://img3.doubanio.com/view/photo/s_ratio_poster/public/p2502580762.jpg
虎王归来,9.2,英国,犯罪,https://movie.douban.com/subject/24849943/,https://img3.doubanio.com/view/photo/s_ratio_poster/public/p2029447346.jpg
歌唱神探,9.1,英国,犯罪,https://movie.douban.com/subject/1499667/,https://img3.doubanio.com/lpic/s4178164.jpg
蝙蝠侠：黑暗骑士,9.0,英国,犯罪,https://movie.douban.com/subject/1851857/,https://img3.doubanio.com/view/photo/s_ratio_poster/public/p462657443.jpg
神探夏洛克：福至如归,9.0,英国,犯罪,https://movie.douban.com/subject/25798411/,https://img3.doubanio.com/view/photo/s_ratio_poster/public/p2412522760.jpg
流浪者之歌,9.0,英国,犯罪,https://movie.douban.com/subject/1303525/,https://img3.doubanio.com/view/photo/s_ratio_poster/public/p2267333084.jpg
福尔摩斯：跳舞的人,9.0,英国,犯罪,https://movie.douban.com/subject/3230514/,https://img3.doubanio.com/view/photo/s_ratio_poster/public/p2227698244.jpg
四签名,9.0,英国,犯罪,https://movie.douban.com/subject/3130431/,https://img3.doubanio.com/view/photo/s_ratio_poster/public/p659862480.jpg
格兰其庄园,9.0,英国,犯罪,https://movie.douban.com/subject/3603220/,https://img3.doubanio.com/view/photo/s_ratio_poster/public/p1079291605.jpg
雷神桥之谜,9.0,英国,犯罪,https://movie.douban.com/subject/3610794/,https://img3.doubanio.com/view/photo/s_ratio_poster/public/p903077754.jpg
威斯特里亚寓所,9.0,英国,犯罪,https://movie.douban.com/subject/3607054/,https://img3.doubanio.com/view/photo/s_ratio_poster/public/p2500931722.jpg
红圈会,9.0,英国,犯罪,https://movie.douban.com/subject/3711737/,https://img3.doubanio.com/view/photo/s_ratio_poster/public/p2174237041.jpg
魔咒,9.0,英国,犯罪,https://movie.douban.com/subject/25760463/,https://img1.doubanio.com/view/photo/s_ratio_poster/public/p2159761578.jpg
这个杀手不太冷,9.4,法国,犯罪,https://movie.douban.com/subject/1295644/,https://img3.doubanio.com/view/photo/s_ratio_poster/public/p511118051.jpg
调音师,9.2,法国,犯罪,https://movie.douban.com/subject/6846495/,https://img1.doubanio.com/view/photo/s_ratio_poster/public/p1529066859.jpg
洞,9.2,法国,犯罪,https://movie.douban.com/subject/1424334/,https://img3.doubanio.com/view/photo/s_ratio_poster/public/p1184780820.jpg
洞,9.2,意大利,犯罪,https://movie.douban.com/subject/1424334/,https://img3.doubanio.com/view/photo/s_ratio_poster/public/p1184780820.jpg
美国往事,9.1,意大利,犯罪,https://movie.douban.com/subject/1292262/,https://img1.doubanio.com/view/photo/s_ratio_poster/public/p477229647.jpg
流浪者之歌,9.0,意大利,犯罪,https://movie.douban.com/subject/1303525/,https://img3.doubanio.com/view/photo/s_ratio_poster/public/p2267333084.jpg
绝不松开我的拳头,9.0,加拿大,犯罪,https://movie.douban.com/subject/26199883/,https://img1.doubanio.com/view/photo/s_ratio_poster/public/p2207905589.jpg
德雷拉之歌,9.4,美国,情色,https://movie.douban.com/subject/3284794/,https://img3.doubanio.com/lpic/s7026726.jpg
王的哲♂学摔跤,9.2,美国,情色,https://movie.douban.com/subject/2245557/,https://img3.doubanio.com/view/photo/s_ratio_poster/public/p2180258143.jpg
德雷拉之歌,9.4,日本,情色,https://movie.douban.com/subject/3284794/,https://img3.doubanio.com/lpic/s7026726.jpg
疯马秀,9.0,法国,情色,https://movie.douban.com/subject/24706615/,https://img1.doubanio.com/view/photo/s_ratio_poster/public/p2154959558.jpg
